DELETE FROM PUBLIC.USERS;

INSERT INTO PUBLIC.USERS (LOGIN, PASSWORD) VALUES ('testuser1', 'testuser1');
INSERT INTO PUBLIC.USERS (LOGIN, PASSWORD) VALUES ('testuser3', 'testuser3');
INSERT INTO PUBLIC.USERS (LOGIN, PASSWORD) VALUES ('testuser2', 'testuser2');

DELETE FROM PUBLIC.USER_ROLES;

INSERT INTO PUBLIC.USER_ROLES (USER_ID, ROLE) VALUES ('testuser1', 'ROLE_ADMIN');
INSERT INTO PUBLIC.USER_ROLES (USER_ID, ROLE) VALUES ('testuser2', 'ROLE_ADMIN');
INSERT INTO PUBLIC.USER_ROLES (USER_ID, ROLE) VALUES ('testuser1', 'ROLE_USER');
INSERT INTO PUBLIC.USER_ROLES (USER_ID, ROLE) VALUES ('testuser3', 'ROLE_USER');

DELETE FROM PUBLIC.RESTAURANTS;

INSERT INTO PUBLIC.RESTAURANTS (NAME) VALUES ('testrest1');
INSERT INTO PUBLIC.RESTAURANTS (NAME) VALUES ('testrest2');
INSERT INTO PUBLIC.RESTAURANTS (NAME) VALUES ('testrest3');

DELETE FROM PUBLIC.REST_MENU;

INSERT INTO PUBLIC.REST_MENU (RESTAURANT_NAME, NAME, PRICE) VALUES ('testrest1', 'dish1', 1000);
INSERT INTO PUBLIC.REST_MENU (RESTAURANT_NAME, NAME, PRICE) VALUES ('testrest1', 'dish2', 900);
INSERT INTO PUBLIC.REST_MENU (RESTAURANT_NAME, NAME, PRICE) VALUES ('testrest1', 'dish3', 800);
INSERT INTO PUBLIC.REST_MENU (RESTAURANT_NAME, NAME, PRICE) VALUES ('testrest2', 'dish2', 1000);
INSERT INTO PUBLIC.REST_MENU (RESTAURANT_NAME, NAME, PRICE) VALUES ('testrest2', 'dish3', 1100);
INSERT INTO PUBLIC.REST_MENU (RESTAURANT_NAME, NAME, PRICE) VALUES ('testrest2', 'dish4', 1200);
INSERT INTO PUBLIC.REST_MENU (RESTAURANT_NAME, NAME, PRICE) VALUES ('testrest3', 'dish3', 500);
INSERT INTO PUBLIC.REST_MENU (RESTAURANT_NAME, NAME, PRICE) VALUES ('testrest3', 'dish4', 600);
INSERT INTO PUBLIC.REST_MENU (RESTAURANT_NAME, NAME, PRICE) VALUES ('testrest3', 'dish5', 400);

DELETE FROM PUBLIC.VOTES;

INSERT INTO PUBLIC.VOTES (ID, VOTEDATE, RESTAURANT_NAME, USER_LOGIN) VALUES (1, '2017-09-10', 'testrest1', 'testuser1');
INSERT INTO PUBLIC.VOTES (ID, VOTEDATE, RESTAURANT_NAME, USER_LOGIN) VALUES (2, '2017-09-10', 'testrest1', 'testuser2');
INSERT INTO PUBLIC.VOTES (ID, VOTEDATE, RESTAURANT_NAME, USER_LOGIN) VALUES (3, '2017-09-10', 'testrest2', 'testuser3');
INSERT INTO PUBLIC.VOTES (ID, VOTEDATE, RESTAURANT_NAME, USER_LOGIN) VALUES (4, '2017-09-11', 'testrest3', 'testuser1');
INSERT INTO PUBLIC.VOTES (ID, VOTEDATE, RESTAURANT_NAME, USER_LOGIN) VALUES (5, '2017-09-11', 'testrest3', 'testuser2');
INSERT INTO PUBLIC.VOTES (ID, VOTEDATE, RESTAURANT_NAME, USER_LOGIN) VALUES (6, '2017-09-11', 'testrest2', 'testuser3');
